Question,Answer
"asingleoptionischosenateachstagewhichisidealwhenthenumberofoptionstotheuserislimited","Menu driven interface"
"whichofthefollowingfactorsdoesnothaveamajorimpactonnetworkperformance","Wireless SSID"
"whatisawideareanetworkwan","A group of computers and devices spread over a large geographical area"
"whichofthefollowingisavalidexampleofanipv6address","49cd:c92d:dabb:469f:003c:4877:f44b:5441"
"whatisonepurposeofsystemssoftware","To provide a platform on which users can run programs"
"installingcamerasandanelectronickeypadsareexamplesofwhattypeprevention","Physical security"
"thedataprotectionlawsstatethat","Data can only be kept for as long as it is necessary"
"onedisadvantageofvirtualmemoryis","It slows the computer down because of the extra data transfer needed"
"whichstatementbestdescribesethernet","Data transmitted in frames on a local area network"
"whatisthepurposeofthehttpsprotocol","To provide encryption and authentication for requesting and delivering HTML web pages"
"whywasthenewipaddressstandardipv6needed","We were running out of unique IPv4 addresses"
"whatisthebinarynumber1111inhexadecimal","F"
"questionscanbeaskedinenglishusingamicrophoneasaninputdevice","Natural language interface"
"anipv4addressishowmanybitsinsize","32"
"onepurposeofthememoryaddressregisteristo","Hold the address of the memory location currently being accessed"
"bensfriendhasacombinationbikelockbentriestounlockthebikebytryingeverynumberfrom0000to9999whattypeofattackisthis","Brute force"
"whichoftheseisacomponentinsidethecpu","CU (Control unit)"
"whichoftheseisacomponentinsidethecpu","ALU (Arithmetic Logic Unit)"
"onecharacteristicofproprietarysoftwareisthat","It is copyright protected"
"whenconsideringtheethicalissuesofcomputersciencewecandiscussadigitaldividewhatismeantbythisterm","Access to IT is not equal for all people"
"whatoneadvantagedoesusinghumanshaveoverroboticsforthesametask","They are able to make one-off bespoke products more easily"
"peoplearedescribedasweakpointsinsecuresystemswhichoftheseisanexampleofthat","Writing a password down"
"whatisapurposeoftherom","To store instructions for embedded systems"
"whatisapurposeoftherom","To store the first instructions for a computer to boot"
"codeisenteredintoinputboxesinsteadofdatatheserverexecutesthiscodeallowingrecordsinadatabasetoberevealedorchangedwhatisbeingdescribed","SQL injection"
"howmightbruteforceattacksbeprevented","Using progressive delays"
"whenchoosingsuitablestoragedevicesandmediaforanapplicationyoushouldconsider","Portability"
"whenchoosingsuitablestoragedevicesandmediaforanapplicationyoushouldconsider","Cost"
"whenchoosingsuitablestoragedevicesandmediaforanapplicationyoushouldconsider","Speed"
"whenchoosingsuitablestoragedevicesandmediaforanapplicationyoushouldconsider","Reliability"
"whenchoosingsuitablestoragedevicesandmediaforanapplicationyoushouldconsider","Durability"
"whichoftheseisanexampleofsystemssoftware","Operating system"
"whichpartofthecomputersystemisresponsibleforwherefilesarestoredwhensavedtosecondarystorage","Operating system"
"adisgruntledemployeedecidestopublishtheemailaddressesofallthecustomersontheinternetinarevengeattackagainstthecompanytheyusedtoworkforwhichlawhasbeenbroken","The Data Protection Act 2018"
"anipv6addressishowmanybitsinsize","128"
"apoliceofficerhasabodywornvideocamerabwvwhichisthemostlikelysecondarystoragemediumforthisdevice","Solid state"
"onepurposeofthecacheisto","Hold frequently used items of data"
"onepurposeofthecacheisto","Hold frequently used instructions"
"whichofthefollowingistheleastportableformofstorage","Magnetic hard disk"
"dvdrformatis","Write once, read many times and non-volatile"
"whatisonepurposeofthecpu","Fetch instructions"
"whatisonepurposeofthecpu","Decode instructions"
"whatisonepurposeofthecpu","Execute instructions"
"atextfilehas10characterseachstoredin8bitasciiwhatisthefilesizeinbytes","10"
"whatismeantbyprotocollayering","Splitting the complicated process of networking into individual functions"
"inthecontextofnetworkingaclientcanbethoughtofas","A device requesting or using a services from a server"
"thefollowinginputisenteredintoatextboxonaformor11whatkindofhackingtechniquehasbeenused","SQL injection"
"thedifferencebetweenaswitchandarouteristhat","A router connects networks together, a switch connects devices together"
"whywouldauserchoosetoswaptheirharddiskforanssd","It has a quicker access speed"
"whichofthefollowingarenottypicallyusedfordatatransmissiononlans","Satellite links"
"whichoftheseprograminstructionscancausetheprogramcountertochangethevalueitstores","A jump instruction e.g. condition or iteration"
"thecomputermisuseact1990makesitillegalto","Gain access to secure systems with the intent to commit further offences"
"thecomputermisuseact1990makesitillegalto","Distribute malware"
"alltheuserfilesarestoredononedriveandaccessisrestrictedbythecentralnetworkoperatingsystemwhattypeofnetworkismostlikelybeingdescribed","Client-server"
"systemsusingethernetdivideastreamofdataintoshorterpiecescalled","Frames"
"whatisthepurposeoftheimapprotocol","To retrieve email from a server and manage a remote mail box"
"astudentripsmusicfromacdtoplayontheirmobilephonewhichlawmighthavebeenbroken","The Copyright Design and Patents Act 1988"
"whichofthefollowingisanadvantageofwifioverwirednetworks","Much easier to extend the network for new devices"
"whichofthefollowingisavalidexampleofanipv4address","174.123.211.001"
"whichofthesetasksistheresponsibilityoftheoperatingsystem","The user interface"
"whichoftheseisafunctionoftheoperatingsystem","To maintain the computer system"
"whichofthefollowingisnotacharacteristicoftheclientservermodel","Each computer responsible for its own security"
"atypicaluseforadvdrcouldbe","Storing archive files"
"whatisonecharacteristicoflosslesscompression","None of the data is lost"
"whatisonecharacteristicoflosslesscompression","File can be turned back into its original format"
"whichofthefollowingmethodsofcommunicationtechnologyhastheshortestrange","Bluetooth"
"byteforbytewhichisthecheapesttypeofsecondarystorage","Magnetic"
"howcandatainterceptionandtheftbeprevented","Using network forensics to examine server requests"
"whichprotocolisresponsibleforreliableanderrorcheckingdeliveryofdata","TCP"
"thesystemssoftwareincludesthe","Operating system and utilities"
"harddisksareclassifiedaswhattypeofstorage","Magnetic"
"whichofthesestatementsistrueintermsofdataprotectionlaws","Data subjects have a right to have data corrected"
"whichofthesestatementsistrueintermsofdataprotectionlaws","You have a right to access personal data stored about you"
"whichoftheseisthemajoradvantageofopticaldisksforstoringanalbumofmusic","Low cost"
"whichoftheseisnotasuitableuseofdvdrdisk","Storing initialisation files for an installed operating system"
"adesktoppcwithaninternalsingledriveof8tbislikelytobe","Magnetic"
"whichofthesedescribesaclassicvonneumannarchitecture","There is a common system bus for data and instruction transfer"
"whichofthesedescribesaclassicvonneumannarchitecture","The same physical memory address is used for instructions and data"
"whichofthesedescribesaclassicvonneumannarchitecture","The CPU cannot access instructions and read/write data at the same time"
"whichofthesedescribesaclassicvonneumannarchitecture","More than one clock cycle may be required to execute a single instruction"
"whatisthepurposeoftheipprotocol","To route data"
"whatismeantbythetermhosting","Dedicated servers connected to the internet, storing copies of websites"
"whatiscompression","Reducing the size of a file"
"whichofthefollowingisnotacharacteristicofthepeertopeermodel","Each computer uses a central server to manage printing"
"whichoftheseismagneticstorage","Hard disk"
"whichoftheseisconsideredprimarystorage","RAM and ROM"
"considerthislistofnumbers346789assumingalinearsearchstartswith3afterfourcomparisonswhichnumberwillbecheckednext","8"
"considerthislistofnumbers346789assumingalinearsearchstartswith3afterfourcomparisonswhichnumberwillbecheckednext","6"
"whichflowdiagramsymbolisusedtosignifycontrolpassingbetweenstagesofanalgorithm","Arrow"
"inwhichsituationdoesalinearsearchalwaysperformbetterthanabinarysearch","If the data item to be found is the first in the list"
"aterminalsymbolinaflowdiagramisusedtosignify","The start or end of a process"
"aprogrammerwantstoshowawhilecommandonaflowdiagramwhichsymbolshouldtheyuse","Rhombus"
"whatisthemainadvantageofabinarysearchcomparedtoalinearsearch","It is usually quicker to find the item in the list"
"considerthislistofnumbers936847analgorithmcompares9and3followedby9and6followedby9and8whichalgorithmisbeingdescribed","Bubble sort"
"whatisthemaindisadvantageofabinarysearchcomparedtoalinearsearch","It requires the data to be in order"
"whatismeantbythetermalgorithmicthinking","Identifying individual steps that a computer must take to solve a problem"
"whatisanadvantageofalinearsearchoverabinarysearch","It is easier to program"
"whatisanadvantageofalinearsearchoverabinarysearch","It does not require the data to be sorted"
"arectanglesymbolinaflowdiagramisusedtosignify","Initialisation, a process or calculation"
"whendesigninganalgorithmprogrammerscanuse","Flow diagrams"
"whichflowdiagramsymbolisusedtosignifyanoutput","Parallelogram"
"agraphicsartistfora2dplatformgamedecidesthatcollectableappleswillallbeasolidgreencolourwhichaspectofcomputationalthinkinghasbeenapplied","Abstraction"
"adisadvantageofpseudocodeisthat","There are no established standards"
"aprogrammerwantstoshowavariablebeingaddedtoatotalonaflowdiagramwhichsymbolshouldtheyuse","Rectangle"
"aprogrammerbreaksaproblemdownintoanumberofalgorithmswhichcomputationalthinkingapproachhasbeenapplied","Decomposition"
"whichflowdiagramsymbolisusedtosignifyadecision","Rhombus"
"considerthislistofnumbersl3456789whichnumberwouldbecheckedfirstinabinarysearch","6"
"considerthislistofnumbers3456789ifthenumber8wasbeingsearchedforusingabinarysearchalgorithmwhichnumberscouldbediscardedafterthefirstcondition","3 4 5"
"considerthislistofnumbers936847afterthreecomparisonshavebeenmadethelistis369847whichalgorithmisbeingapplied","Insertion sort"
"whichflowdiagramsymbolisusedtosignifyaprocess","Rectangle"
"anadvantageofpseudocodeisthat","It is very easy to convert pseudocode into actual code"
"anadvantageofpseudocodeisthat","It is a convenient way of designing algorithms to aid thinking logically"
"whichflowdiagramsymbolisusedtosignifyaninput","Parallelogram"
"considerthislistofnumbers3456789ifthenumber3wasbeingsearchedforusingabinarysearchhowmanynumberswouldbecheckedbeforefinding3","3"
"whatismeantbythetermdecomposition","Breaking a problem down into smaller sub-problems"
"anarrowsymbolinaflowdiagramisusedtosignify","Control passing between connected shapes"
"aparallelogramsymbolinaflowdiagramisusedtosignify","The input or output of data"
"considerthislistofnumbers346789ifthenumber9wastobefoundusingalinearsearchhowmanycomparisonsneedtobemade","6"
"aprogrammerwantstoshowanifcommandonaflowdiagramwhichsymbolshouldtheyuse","Rhombus"
"considerthislistofnumbers936847abubblesortalgorithmstartsfromthefirstiteminthelist9andordersthelistfromlowesttohighestnumberwhatistheorderofthenumbersafteronepassthroughallthenumbersofthebubblesortalgorithmonthislist","3 6 8 4 7 9"
"whatismeantbythetermabstraction","Including the necessary details and leaving out the unnecessary details"
"considerthislistofnumbersl346789whichnumberwouldbecheckedfirstinalinearsearch","3"
"arhombussymbolinaflowdiagramisusedtosignify","A decision with a yes or no, true or false answer"
"considerthislistofnumbers936847whyaretheynotsuitableforabinarysearch","The numbers are not in order"
"inthefirstpartofthealgorithmthelistisrepeatedlydividedinhalfuntilthereisonlyoneitemineachlistwhichalgorithmisbeingdescribed","Merge sort"
"twolists329and146becomeonelistof123469bycomparing31followedby32etcwhatisthenameofthealgorithmthathasbeenused","Merge sort"
"alistisdividedintounsortedandsorteddataitemseachunsorteditemisconsideredinturnandplacedintothecorrectpositionofthesorteddataitemsuntilalltheitemshavebeenconsideredandareinorderwhichalgorithmisbeingdescribed","Insertion sort"
"aprogramtoaddthreenumberstogetheroutputs145from14and5wheninputitshouldoutput10whattypeoferroristhis","Logic error"
"whatisanexampleofadefensivedesignconsideration","Handling exceptions in programs"
"whatisanexampleofadefensivedesignconsideration","Input sanitisation or validation"
"aprogramshouldoutputaninitialfollowedbyasurnameegtjoneswhenaninputstringoftomjonesisenteredinsteaditoutputstomswhattypeoferroristhis","Logic error"
"whydoesaprogrammerusecommentsintheircode","To explain the purpose of sections of code and how algorithms work"
"adevelopmentenvironmenthighlightsthewordoutputwhenattemptingtorunthiscodeoutputenteryournamewhattypeoferroristhismostlikelytobe","Syntax error"
"theuserenterstheirusernameforawebsiteincapitallettersbutusernamesinthebackenddatabasearestoredinlowercasewhatisthemostappropriatetechniqueaprogrammercanusetoresolvethis","Input sanitisation"
"aprogramasksforamonthoftheyearasanintegertheuserinputsmarchthisisanexampleof","Invalid data"
"aprogramasksforamonthoftheyearasanintegertheuserinputs6thisisanexampleof","Valid data"
"identifyarangecheck","Input is between a minimum and maximum, e.g. 1 and 12"
"finalorterminaltestingincludes","Testing that all the modules of a program work together as expected"
"finalorterminaltestingincludes","Checking the program meets the expectations of the user with real data."
"alogicerrorhappenswhen","The program completes but does not give the expected output"
"aprogramasksforamonthoftheyearasanintegertheuserinputs1thisisanexampleof","Edge data"
"whydoesaprogrammerusedescriptivevariablenames","To make the program readable for another programmer"
"alineofcodestatesprinttotalcostwhattypeoferroristhislikelytogenerate","Syntax error"
"ifyouwereadvisinganotherprogrammeraboutusingcommentswhatwouldyourecommend","Use a comment for each selection, iteration and procedure or function"
"identifyapresencecheck","Input of some data, e.g. user hasn't left the field blank"
"whichoftheseisnotanexceptionaprogrammershouldtrapintheircode","No comments"
"anonlineformasksauserfortheiremailaddresstheuserdoesnotenterastringcontainingasymbolthisisanexampleof","Invalid data"
"awhitelistisoftenusedasavalidationtechniqueinprogrammingwhatisawhitelist","All the valid data inputs a program should accept. E.g. A, B, C in a menu"
"whatismeantbythetermsanitisation","Removing unwanted characters before processing inputs"
"whatisareasonforprogramtestingattheimplementationorpostdevelopmentstageofdevelopment","To check the program has acceptable performance"
"whatisareasonforprogramtestingattheimplementationorpostdevelopmentstageofdevelopment","To check the program meets the requirements"
"whatisareasonforprogramtestingattheimplementationorpostdevelopmentstageofdevelopment","To check the program does not contain logic errors"
"alineofcodestatesxyzwhattypeoferroristhislikelytogenerate","Syntax error"
"whendataisreadfromafileinprogrammingitcanretainthecarriagereturncharacterwhichisnotneededforprocessingthisisremovedusingwhattypeoffunction","Sanitisation"
"whatismeantbythetermvaliddata","Data that is within the input domain"
"alineofcodestatesprinthelloworldwhattypeoferroristhislikelytogenerate","Syntax error"
"ablacklistisoftenusedasavalidationtechniqueinprogrammingwhatisablacklist","Invalid data inputs a program should reject. E.g. /?* in filenames"
"aprogramasksforamonthoftheyearasanintegertheuserinputs12thisisanexampleof","Edge data"
"asyntaxerrorhappenswhen","The rules of the language have been broken"
"identifyatypecheck","Input is a number not a symbol, e.g. 0 not @"
"whatismeantbytheterminvaliddata","Data that is outside the input domain"
"iterativetestingcanbedescribedas","Testing each module of a program as it is developed"
"whydoesaprogrammeruseindentationintheircode","To identify where structures begin and end"
"anonlineformasksauserfortheiremailaddresstheuserforgetstocompletethisboxthisisanexampleof","No data"
"identifyaformatcheck","Input of data in a pattern, e.g. LLN"
"whatismeantbythetermvalidation","Checking data input by the user meets specific criteria before processing"
"whatismeantbythetermedgedata","Data at the extremes of the input domain"
"considerthiscommandprintboard32whattypeofdatastructureisboard","Array"
"whatismeantbythetermtracinginreferencetointegrateddevelopmentenvironments","Going through the program line by line checking the values of variables for debugging"
"whichwordshouldbeusedinthissentencehighlevelsourcecodecanbeintomachinecodeusingacompiler","translated"
"afocusonusabilityoveroptimalprogramefficiencyisanexampleof","High level language code"
"structuredprogrammingconceptssuchasifthenelseareassociatedwith","High level language code"
"whichoftheseisoneadvantageofacompileroveraninterpreter","The code is optimised"
"whichoftheseisoneadvantageofacompileroveraninterpreter","The code executes more quickly."
"whatisthepurposeofatranslator","To translate source code into machine code"
"allcodeistranslatedinto","Machine code"
"whichoftheseisafeatureofahighlevelprogramminglanguage","Translates to many different machine types"
"whichoftheseisafeatureofahighlevelprogramminglanguage","Source code is easier to write"
"whichoftheseisafeatureofahighlevelprogramminglanguage","Large set of instructions"
"whatisthepurposeofanassembler","To translate low level code into machine code"
"whichoftheseisafeatureofcompiledcodeinaniteration","The code is translated once"
"whichoftheseisafeatureofinterpretedcodeinaniteration","The code is translated many times"
"whywouldaprogrammeraddindentationtotheircode","To indicate which code is within a procedure, function, condition or iteration"
"whichoftheseisafeatureofalowlevelprogramminglanguage","Source code is harder to write"
"whichoftheseisafeatureofalowlevelprogramminglanguage","Translates to one type of machine"
"whichoftheseisafeatureofalowlevelprogramminglanguage","Written in assembly"
"anembeddedsystemisrunningonveryspecialisedhardwarethatisoptimisedforthetaskalowlevellanguageischosenforthedevelopmentenvironmentwhatshouldbeusedtoturnthecodeintobinary","Assembler"
"whichwordshouldbeusedinthissentencehighlevelsourcecodecanbetranslatedintomachinecodeusing","a compiler"
"whichwordshouldbeusedinthissentencehighlevelsourcecodecanbetranslatedintomachinecodeusing","an interpreter"
"astudentwhoisnewtoprogrammingwantstheircodetorunevenifitcontainserrorssothattheycanmoreeasilyseewherethebugsarewhatwouldyourecommend","An interpreter"
"binaryisproducedasaresultofcompilationof","High level code"
"whichofthesefeaturesistypicallyprovidedbyanintegrateddevelopmentenvironment","Run-time environment"
"whichwordshouldbeusedinthissentenceassemblylanguageistranslatedintousinganassembler","machine code"
"whatisthepurposeofacompiler","To translate high level code into machine code"
"whichofthesewouldyouassociatewiththetermerrordiagnostics","Messages from the compiler to the programmer"
"mnemonicsareassociatedwithwhichtypeofcode","Assembly code"
"higherlevelsofabstractionfrommachinelanguageisassociatedwithwhichtypesofcode","High level language code"
"assemblyisanexampleof","Low level code"
"whichwordshouldbeusedinthissentenceassemblylanguageisintomachinecodeusinganassembler","translated"
"whichwordshouldbeusedinthissentenceassemblylanguageistranslatedintomachinecodeusing","an assembler"
"whywouldaprogrammeraddabreakpointtotheircode","To stop the code at a certain point to assist in debugging"
"adevicedriveriscreatedforaroboticarmusingalowlevellanguagewhichlanguageislikelytobeused","Assembly"
"aprogrammertypicallywritestheircodeusing","An integrated development environment"
"whichwordshouldbeusedinthissentencehighlevelcanbetranslatedintomachinecodeusingacompiler","source code"
"agamesprogrammerwantstheircodetoexecuteasquicklyaspossibletomaintainthebestframeratetheychoosetodeveloptheircodeinahighlevellanguagewhatwouldyourecommend","A compiler"
"whyiskeywordhighlightingausefulfeatureofanintegrateddevelopmentenvironment","Check the syntax is correct at a glance"
"whichoftheseisoneadvantageofaninterpreteroveracompiler","It is easier to debug code"
"whichoftheseinstructionsisanexampleofamnemonic","LDA"
"whichfactoraffectingtheperformanceofanetworkisdescribedastheamountofdatathatcanbesentandreceivedinagiventimethisisnotameasureofhowfastdatatravelsbuthowmuchdatacanbesentonthetransmissionmedia","Bandwidth"
"awanisa","Wide area network"
"whydoesincreasingthenumberofcoresincreasethespeedofthecpu","More than one instruction can be executed at the same time"
"theprocessorcarriesoutwhichthreetasks","Fetch-Decode-Execute"
"textbasedandrequiringfewerresourceoverheadsitisextremelyefficientforadvancedusers","Command line interface"
"inacharactersetthecodefortheletterbwillbe","One more than the code for the letter A"
"whatdoestheprotocolhttpstandfor","Hypertext Transfer Protocol"
"whatismeantbythetermnetworktopology","How the devices on a network are physically arranged and connected"
"howmightsqlinjectionhacksbeprevented","Ensuring database access permissions are appropriate"
"whattypeofstoragedeviceareyoumostlikelytofindinamobilephone","Solid state"
"acacheincreasescpuperformancebutwhydoeshavingaverylargecachenotgiveamuchlargerperformanceincrease","Increased latency and diminishing returns"
"oftenuseswindowsiconsmenusandpointersforinputandoutputtothecomputersystem","Graphical user interface"
"whichofthefollowingisthemostportableformofstorage","USB memory stick"
"whichoftheseisasensibleprecautionagainstphishing","Use anti-spam filters"
"withwifidevicestheymusteachbesettosendandreceivedataonthesame","Frequency"
"whichoftheseisacommoncomponentinsidethecpu","MAR (Memory Address Register)"
"whatdoestheprotocolhttpsstandfor","Hypertext Transfer Protocol Secure"
"amillionbytesisa","Megabyte"
"whatisthepurposeofencryption","To make data meaningless if accessed"
"overtimewithfilesbeingsavedanddeletedthesecondarystoragewillbecome","Fragmented"
"whyisphishingbecomingmoreofaproblem","Fake websites and emails often use most of the HTML from real sites, only changing the hyperlinks"
"whichoftheseisawaytoprotectdata","Encryption"
"theunitof8bitsiscalleda","Byte"
"anadvantageofastarnetworkis","High performance as no data collisions can occur"
"whichoftheseisadescriptionofthecpu","Central Processing Unit"
"onepurposeofthecontrolunitisto","Keep the internal components of the CPU synchronised"
"whichcomputerarchitectureholdsbothprogramsanddatainsamemainmemory","Von Neumann"
"whatisclockspeedmeasuredin","Hertz"
"whichregisterischangedtotheaddressofanewinstructionafterthecurrentonehasbeenfetched","Program counter"
"onepurposeoftheprogramcounteristo","Hold the address of the next instruction"
"whatisaregister","Memory inside the CPU for fetching and executing instructions"
"onepurposeofthearithmeticlogicunitaluisto","Carry out logic operations"
"onepurposeofthearithmeticlogicunitaluisto","Carry out binary shift operations"
"onepurposeofthememorydataregisteristo","Hold data fetched from, or to be written to the memory"
"thiscomponentperformscalculationsandlogicalcomparisons","Arithmetic Logic Unit"
"whydoesincreasingtheclockspeedofacpuincreaseperformance","More instructions can be fetched, decoded and executed in the same amount of time"
"whichoftheseisafunctionofthealu","Arithmetic"
"onepurposeoftheaccumulatoristo","To store the results of calculations"
"whatisthemainadvantageofthecacheonboardthecpu","Fast access to frequently used instructions and data without having to go to RAM."
"whichtworegistersholddataforthecpu","Memory Data Register and Accumulator"
"whichregistercanonlyholdtheaddressofthenextinstruction","Program counter"
"whattypeofquickaccessmemoryoftensitsbetweenthecpuregistersandthemainmemoryram","Cache memory"
"whichtworegistersholdanaddressforthecpu","Program Counter and Memory Address Register"
"whichregisterholdstheaddressofthecurrentinstructionbeingfetched","Memory address register"
"whichofthesecharacteristicsofacomputeraffectstheperformanceofacpu","Increased clock speed"
"whycouldasatellitetelevisiondecodersettopboxperformthesametaskmorequicklythanahighspecificationpc","Simplified hardware is dedicated to the task"
"whichoftheseisaregisterinthecpu","Program Counter"
"whyisthefetchexecuteoperationofacpudescribedasacycle","Once one instruction has been fetched and executed the CPU can fetch and execute the next one"
"aconditionoriterationstatementinprogrammingsuchasiforwhilecouldchangetheaddressinwhichregisterfirst","Program counter"
"whathappensinthefetchstageofthefetchexecutecycle","An instruction is copied from the main memory into the CPU"
"whatismeantbythetermclockspeed","The speed at which a processor operates"
"1000kilobytesiscalleda","Megabyte"
"whichoftheseisonecharacteristicofram","Larger capacity in comparison to other types of primary memory external to the CPU"
"whichoftheseisonecharacteristicofram","Volatile"
"whichoftheseisonecharacteristicofram","Read and write"
"additionaldatastoredwithanimagesuchaswidthandheightisknownas","Metadata"
"oneadvantageofaharddiskoversolidstatememoryisthat","It generally has a larger capacity"
"oneadvantageofaharddiskoversolidstatememoryisthat","Before it fails you usually get detectable anomalies"
"whatisthehexadecimalnumber20inbinary","0010 0000"
"oneadvantageofsolidstatememoryoveraharddiskisthat","It is significantly faster"
"oneadvantageofsolidstatememoryoveraharddiskisthat","It uses less power"
"whyisprimarystorageessentialinacomputersystem","It allows the computer to run applications and store data temporarily"
"cdsdvdsandblurayareclassifiedaswhattypeofstorage","Optical"
"withsecondarystoragedevicesreliabilityrefersto","How likely the device will save/read data correctly"
"virtualmemoryisneededbecause","The computer cannot multi-task when it runs out of memory"
"1000gigabytesiscalleda","Terabyte"
"withsecondarystoragedevicesportabilityrefersto","How easy it is to move the storage medium between two places"
"representinganimageasaseriesofpixelseachonestoredinbinaryisknownasa","Bitmap"
"whichtypeofsecondarystoragewouldyourecommendforlowlatencyandfasttransferspeeds","Solid state"
"whatisapurposeoftheram","A temporary store for instructions and data"
"undernormalcircumstanceswhendataorinstructionsarereadfromsecondarystoragewherearetheycopiedto","Primary storage"
"usbmemorysticksareclassifiedaswhattypeofstorage","Solid state"
"theunitof4bitsiscalleda","Nibble"
"fourfilesof2megabytes2petabytes2kilobytesand2gigabytesarestoredwhichusestheleaststoragecapacity","2 kilobytes file"
"atextfilehas10characterseachstoredin8bitasciiwhatisthefilesizeinbits","80"
"whichoftheseisonecharacteristicofrom","Non-volatile"
"whichoftheseisonecharacteristicofrom","Small capacity in comparison to other types of primary memory external to the CPU"
"1000terabytesiscalleda","Petabyte"
"whichofthesecalculationswouldyouusetoworkoutthefilesizeofanimage","Colour depth * image height in pixels * image width in pixels"
"whatwouldhappenifthenumbers0001and1111areaddedtogetherwitha4bitaccumulator","An overflow occurs"
"thereasonacomputerneedssecondarystorageisbecause","RAM is volatile and has a relatively small capacity"
"whichoftheseisanopticalstoragedevice","DVD-RW"
"whichoftheseisanopticalstoragedevice","CD-R"
"whichtypeoffileislossycompressionbestsuitedto","Images"
"whatdoescompressiondo","Reduce the number of bits in a file"
"usingpartoftheharddiskasifitwereramisknownas","Virtual memory"
"capacityisameasureof","How much data can be stored on the device"
"whatismeantbythetermvolatileinthecontextofmemory","Data is lost when the power is turned off"
"howmanynibblesarethereinabyte","2"
"virtualmemorycanbeexplainedas","Putting instructions and data the CPU is not using to secondary storage to load in ones that it currently needs"
"anoverflowhappenswhen","The result of a calculation cannot be stored in a register"
"whatisthebinarynumber1010inhexadecimal","A"
"oneadvantageofsolidstatestorageoveramagneticharddiskisthat","It is generally more durable"
"ifabitmapimagehasawidthof8pixelsaheightof8pixelsandacolourdepthof2bitswhatisitsfilesizeinbits","128"
"theunitof0or1iscalleda","Bit"
"asciiisanexampleof","A character set"
"whichofthesecalculationswouldyouusetoworkoutthefilesizeofatextfile","Bits per character * number of characters"
"howmanybitsarerequiredtostorea5letterwordusingan8bitasciicharacterset","40"
"withsecondarystoragedevicesdurabilityrefersto","How likely the device is to fail if it is knocked or dropped"
"whatisonecharacteristicoflossycompression","File cannot be turned back into its original format"
"whatisonecharacteristicoflossycompression","Some data is lost"
"whichofthesetypesofstorageislimitedbythemaximumnumberofwritetimesbeforeitfails","Solid state drive"
"whatisthetypicalorderofcapacityofthesestorageoptionssmallesttolargest","CD-R, USB flash memory stick, hard disk, cloud"
"therammightstore","The instructions of the operating system"
"howmanybytesis24bits","3"
"withsecondarystoragedevicesspeedrefersto","How quickly data can be found and transferred"
"whatisoneeffectofdatacompression","A file will transfer more quickly"
"whatbestdescribesvirtualmemory","Using the hard disk as if it were memory"
"twofileseachof500mbwouldhaveastoragecapacityof","1 GB"
"inunsignedbinarythepositivenumbers0010and10are","The same, they are both the denary number 2"
"whichofthefollowingtypesofmemoryhastheslowestaccessspeed","Virtual memory"
"a2secondsoundeffecthas10sampleseachsecondwithabitdepthof4whatisthefilesizeinbits","80"
"fromhighesttolowestspeedwhatisthecorrectorderforthesedevices","Solid state drive, hard disk, CD-R"
"adesktoppcuserwantstomaximisethespeedofloadingandusingtheiroperatingsystemoswhichhasfrequentupdateswhichconfigurationwouldworkbest","OS stored on solid state drive, applications on hard drive"
"1000megabytesiscalleda","Gigabyte"
"twofileseachof500kbwouldhaveastoragecapacityof","1 MB"
"apersonalportablebloodpressuremonitorhassomeinternalsecondarystoragewhichoftheseisitlikelytobe","Solid state"
"fourfilesof2megabytes2petabytes2kilobytesand2gigabytesarestoredwhichusesthemoststoragecapacity","2 petabytes file"
"whatdoestheacronymromstandfor","Read Only Memory"
"computerscanonlyprocessdatainthisformat","Binary"
"asciiisan8bitcharactersetthismeansitcouldstoreinbinary","28 = 256 characters"
"oneadvantageofvirtualmemoryis","The computer can have more programs loaded at the same time than it has the RAM for"
"whichofthesecalculationswouldyouusetoworkoutthefilesizeofasoundfile","sample rate * duration * bit depth"
"whatdoestheacronymramstandfor","Random Access Memory"
"anerrorthatoccurswhenthecomputerattemptstohandleanumberthatistoolargeforitiscalledwhat","An overflow error"
